"v1","v2","asso","diss","adja"
"Labrenzia_marina","Sorangium_cellulosum",-0.352631554074716,0.822384202813598,0.177615797186402
"Labrenzia_marina","Pseudomonas_moraviensis",0.440130853657087,0.529088436059093,0.470911563940907
"Labrenzia_marina","Mycoplasma_hyorhinis",-0.219739990857799,0.780941736257514,0.219058263742486
"Sorangium_cellulosum","Pseudomonas_moraviensis",0.440130853657082,0.529088436059095,0.470911563940905
"Sorangium_cellulosum","Mycoplasma_hyorhinis",-0.219739990857804,0.780941736257515,0.219058263742485
