"v1","v2","asso","diss","adja"
"Labrenzia_marina","Pseudomonas_moraviensis",0.440130853657087,0.529088436059093,0.470911563940907
"Sorangium_cellulosum","Pseudomonas_moraviensis",0.440130853657082,0.529088436059095,0.470911563940905
