"v1","v2","asso","diss","adja"
"Tessaracoccus_bendigoensis","Paenochrobactrum_glaciei",0.888257104813133,0.236371418732116,0.763628581267884
"Tessaracoccus_bendigoensis","Candidimonas_humi",0.888257104813195,0.236371418732051,0.763628581267949
"Paenochrobactrum_glaciei","Candidimonas_humi",0.888257104813124,0.236371418732126,0.763628581267874
